{"svm_rbf": {"mean_fit_time": [0.06345351537068684, 0.058106422424316406, 0.09081141153971355, 0.09105205535888672, 0.08410557111104329, 0.08583998680114746, 0.20315917332967123, 0.14852182070414224, 0.11628580093383789, 0.07416876157124837, 0.06664268175760905, 0.07021299997965495, 0.0842122236887614, 0.06508533159891765, 0.0618127187093099, 0.11840303738911946, 0.06784939765930176, 0.06467898686726888, 0.0891423225402832, 0.0934441089630127, 0.08706863721211751, 0.07114005088806152, 0.07077813148498535, 0.07181390126546223, 0.07640361785888672, 0.07555127143859863, 0.07487424214680989], "std_fit_time": [0.0067246630358041804, 0.004642201470136461, 0.03382018142495451, 0.010832573720218168, 0.005793022358455398, 0.009506123437888843, 0.03578875432728503, 0.001664804415263101, 0.011873969781426179, 0.0068244815592662655, 0.0022886456180439933, 0.002981612085283106, 0.015151168328294674, 0.003554833014377211, 0.0023228873931905496, 0.022974471968541556, 0.0045929472572900695, 0.006184986007575786, 0.010813492337870096, 0.005833720924305846, 0.014762500737795186, 0.0069649578980273096, 0.0020225928449418137, 0.004496253424268252, 0.007688580043221777, 0.001464899175579651, 0.00588576384502267], "mean_score_time": [0.06664053599039714, 0.06359179814656575, 0.07093262672424316, 0.06362795829772949, 0.06462033589680989, 0.059656620025634766, 0.06427423159281413, 0.06329409281412761, 0.06667836507161458, 0.0771790345509847, 0.07929309209187825, 0.08217835426330566, 0.06609360376993816, 0.07633137702941895, 0.07602723439534505, 0.06690740585327148, 0.07192826271057129, 0.06954224904378255, 0.07571824391682942, 0.08769861857096355, 0.09352628389994304, 0.06293662389119466, 0.0773019790649414, 0.06575743357340495, 0.0525212287902832, 0.09461839993794759, 0.07211804389953613], "std_score_time": [0.0037642798702103935, 0.0032535848874346673, 0.012060371414875785, 0.000750228476375051, 0.0006330518778180893, 0.005391773415314969, 0.0007709442441669533, 0.0011059203067157058, 0.003665295705928396, 0.0022952360039073076, 0.002187102677842721, 0.005480723361929157, 0.006066190791883375, 0.00947313879490042, 0.007851184029239936, 0.0043148211698219125, 0.014425290845096386, 0.005951586015135325, 0.007434529627037289, 0.007371168257164116, 0.00811110944722132, 0.007370976194971383, 0.004682560187129759, 0.0017646387811131605, 0.0023106361245658785, 0.036738563056553104, 0.0033578136177440164], "param_imputer__strategy": ["mean", "mean", "mean", "mean", "mean", "mean", "mean", "mean", "mean", "mean", "mean", "mean", "mean", "mean", "mean", "mean", "mean", "mean", "mean", "mean", "mean", "mean", "mean", "mean", "mean", "mean", "mean"], "param_pca__n_components": [2, 2, 2, 2, 2, 2, 2, 2, 2, 5, 5, 5, 5, 5, 5, 5, 5, 5, 10, 10, 10, 10, 10, 10, 10, 10, 10], "param_svm__C": [0.1, 0.1, 0.1, 1.0, 1.0, 1.0, 10.0, 10.0, 10.0, 0.1, 0.1, 0.1, 1.0, 1.0, 1.0, 10.0, 10.0, 10.0, 0.1, 0.1, 0.1, 1.0, 1.0, 1.0, 10.0, 10.0, 10.0], "param_svm__gamma": [0.1, 1.0, 2.0, 0.1, 1.0, 2.0, 0.1, 1.0, 2.0, 0.1, 1.0, 2.0, 0.1, 1.0, 2.0, 0.1, 1.0, 2.0, 0.1, 1.0, 2.0, 0.1, 1.0, 2.0, 0.1, 1.0, 2.0], "params": [{"imputer__strategy": "mean", "pca__n_components": "2", "svm__C": "0.1", "svm__gamma": "0.1"}, {"imputer__strategy": "mean", "pca__n_components": "2", "svm__C": "0.1", "svm__gamma": "1.0"}, {"imputer__strategy": "mean", "pca__n_components": "2", "svm__C": "0.1", "svm__gamma": "2.0"}, {"imputer__strategy": "mean", "pca__n_components": "2", "svm__C": "1", "svm__gamma": "0.1"}, {"imputer__strategy": "mean", "pca__n_components": "2", "svm__C": "1", "svm__gamma": "1.0"}, {"imputer__strategy": "mean", "pca__n_components": "2", "svm__C": "1", "svm__gamma": "2.0"}, {"imputer__strategy": "mean", "pca__n_components": "2", "svm__C": "10", "svm__gamma": "0.1"}, {"imputer__strategy": "mean", "pca__n_components": "2", "svm__C": "10", "svm__gamma": "1.0"}, {"imputer__strategy": "mean", "pca__n_components": "2", "svm__C": "10", "svm__gamma": "2.0"}, {"imputer__strategy": "mean", "pca__n_components": "5", "svm__C": "0.1", "svm__gamma": "0.1"}, {"imputer__strategy": "mean", "pca__n_components": "5", "svm__C": "0.1", "svm__gamma": "1.0"}, {"imputer__strategy": "mean", "pca__n_components": "5", "svm__C": "0.1", "svm__gamma": "2.0"}, {"imputer__strategy": "mean", "pca__n_components": "5", "svm__C": "1", "svm__gamma": "0.1"}, {"imputer__strategy": "mean", "pca__n_components": "5", "svm__C": "1", "svm__gamma": "1.0"}, {"imputer__strategy": "mean", "pca__n_components": "5", "svm__C": "1", "svm__gamma": "2.0"}, {"imputer__strategy": "mean", "pca__n_components": "5", "svm__C": "10", "svm__gamma": "0.1"}, {"imputer__strategy": "mean", "pca__n_components": "5", "svm__C": "10", "svm__gamma": "1.0"}, {"imputer__strategy": "mean", "pca__n_components": "5", "svm__C": "10", "svm__gamma": "2.0"}, {"imputer__strategy": "mean", "pca__n_components": "10", "svm__C": "0.1", "svm__gamma": "0.1"}, {"imputer__strategy": "mean", "pca__n_components": "10", "svm__C": "0.1", "svm__gamma": "1.0"}, {"imputer__strategy": "mean", "pca__n_components": "10", "svm__C": "0.1", "svm__gamma": "2.0"}, {"imputer__strategy": "mean", "pca__n_components": "10", "svm__C": "1", "svm__gamma": "0.1"}, {"imputer__strategy": "mean", "pca__n_components": "10", "svm__C": "1", "svm__gamma": "1.0"}, {"imputer__strategy": "mean", "pca__n_components": "10", "svm__C": "1", "svm__gamma": "2.0"}, {"imputer__strategy": "mean", "pca__n_components": "10", "svm__C": "10", "svm__gamma": "0.1"}, {"imputer__strategy": "mean", "pca__n_components": "10", "svm__C": "10", "svm__gamma": "1.0"}, {"imputer__strategy": "mean", "pca__n_components": "10", "svm__C": "10", "svm__gamma": "2.0"}], "split0_test_score": [0.8963227783452502, 0.8963227783452502, 0.8963227783452502, 0.8963227783452502, 0.8978549540347294, 0.8983656792645557, 0.8963227783452502, 0.8983656792645557, 0.8983656792645557, 0.9009193054136875, 0.9305413687436159, 0.9300306435137896, 0.9259448416751788, 0.9295199182839632, 0.932073544433095, 0.9284984678243106, 0.9244126659856997, 0.9269662921348315, 0.9264555669050051, 0.9244126659856997, 0.9213483146067416, 0.9310520939734422, 0.9310520939734422, 0.9330949948927477, 0.9310520939734422, 0.9290091930541369, 0.9290091930541369], "split1_test_score": [0.9050051072522982, 0.9050051072522982, 0.9050051072522982, 0.9050051072522982, 0.9044943820224719, 0.9044943820224719, 0.9050051072522982, 0.9044943820224719, 0.9039836567926456, 0.9208375893769152, 0.9274770173646578, 0.9284984678243106, 0.9228804902962207, 0.9290091930541369, 0.9371807967313586, 0.9284984678243106, 0.9325842696629213, 0.933605720122574, 0.9310520939734422, 0.932073544433095, 0.9330949948927477, 0.9330949948927477, 0.9351378958120531, 0.9361593462717058, 0.932073544433095, 0.933605720122574, 0.9346271705822268], "split2_test_score": [0.9019407558733401, 0.9019407558733401, 0.9019407558733401, 0.9019407558733401, 0.9019407558733401, 0.9055158324821246, 0.9019407558733401, 0.9055158324821246, 0.906026557711951, 0.9024514811031665, 0.9228804902962207, 0.9223697650663942, 0.9116445352400409, 0.9284984678243106, 0.9295199182839632, 0.9290091930541369, 0.9295199182839632, 0.9300306435137896, 0.9157303370786517, 0.9223697650663942, 0.9218590398365679, 0.9290091930541369, 0.9300306435137896, 0.9305413687436159, 0.9290091930541369, 0.9310520939734422, 0.9310520939734422], "mean_test_score": [0.9010895471569628, 0.9010895471569628, 0.9010895471569628, 0.9010895471569628, 0.9014300306435138, 0.9027919645897174, 0.9010895471569628, 0.9027919645897174, 0.9027919645897174, 0.9080694586312564, 0.9269662921348315, 0.9269662921348315, 0.9201566224038134, 0.9290091930541369, 0.9329247531494723, 0.9286687095675861, 0.9288389513108614, 0.9302008852570651, 0.9244126659856997, 0.9262853251617296, 0.9254341164453525, 0.9310520939734422, 0.932073544433095, 0.9332652366360232, 0.9307116104868913, 0.9312223357167176, 0.9315628192032687],