{"tree": {"mean_fit_time": [0.004568338394165039, 0.004133383433024089, 0.004398266474405925, 0.004568417867024739, 0.004884560902913411, 0.00463096300760905, 0.011354684829711914, 0.004983743031819661, 0.004681030909220378, 0.0048745473225911455, 0.004889011383056641, 0.004686911900838216, 0.004261970520019531, 0.004377683003743489, 0.004503170649210612, 0.004869143168131511, 0.0048961639404296875, 0.0048567454020182295, 0.004950682322184245, 0.0049190521240234375, 0.004824479420979817, 0.0054531097412109375, 0.004815498987833659, 0.004806677500406901], "std_fit_time": [0.0002026480317967341, 0.00021599173519483447, 0.0002151292586374542, 0.00022770595603770425, 0.00018374028915100392, 0.00028717002929575983, 0.008786296724493766, 0.00022627839412724883, 0.0002263055231921671, 0.0001194126196478723, 0.00017342729797596257, 0.00017241574179822496, 0.00016581333700944623, 0.0002207723715270624, 0.0004063828808718769, 0.00023141241301553948, 0.0003406240328399274, 0.00035705230456363046, 0.00031889922613691983, 0.00021204657660217087, 0.0004190404112401841, 0.0006821088741677122, 0.00017897358584222474, 0.0001257707658624165], "mean_score_time": [0.0015842914581298828, 0.0015115737915039062, 0.0016246636708577473, 0.0015988349914550781, 0.0016751289367675781, 0.0015540122985839844, 0.005021572113037109, 0.001714626948038737, 0.0015936692555745442, 0.0016138553619384766, 0.0018762747446695964, 0.0016470750172932942, 0.0016009807586669922, 0.0017916361490885417, 0.0015562375386555989, 0.0016258557637532551, 0.0015602906545003254, 0.001799186070760091, 0.0015516281127929688, 0.0018347104390462239, 0.001550753911336263, 0.0014847914377848308, 0.0016785462697347004, 0.001497348149617513], "std_score_time": [0.00018605847406949732, 0.00012865460646398652, 0.00014495644825888708, 0.00020281532964151747, 0.00010994380079801273, 0.0001202142003235621, 0.004305988901835052, 8.483421601570936e-05, 0.00013259464930760067, 0.00010581971675952461, 0.00030104518565451666, 0.00017042580000300648, 9.973441770636477e-05, 0.0001589764326939307, 1.832396679966879e-05, 0.00018974587550176007, 0.00011930689524580387, 0.00016032467156032804, 0.00014374841194755234, 0.0003157773651281888, 0.00015525209771394898, 6.041244315234506e-05, 0.00017299140527496528, 0.00011841466762870747], "param_imputer__strategy": ["mean", "mean", "mean", "mean", "mean", "mean", "mean", "mean", "mean", "mean", "mean", "mean", "mean", "mean", "mean", "mean", "mean", "mean", "mean", "mean", "mean", "mean", "mean", "mean"], "param_tree__criterion": ["gini", "gini", "gini", "gini", "gini", "gini", "gini", "gini", "gini", "gini", "gini", "gini", "entropy", "entropy", "entropy", "entropy", "entropy", "entropy", "entropy", "entropy", "entropy", "entropy", "entropy", "entropy"], "param_tree__max_depth": [5, 5, 5, 10, 10, 10, 20, 20, 20, null, null, null, 5, 5, 5, 10, 10, 10, 20, 20, 20, null, null, null], "param_tree__min_samples_split": [2, 5, 10, 2, 5, 10, 2, 5, 10, 2, 5, 10, 2, 5, 10, 2, 5, 10, 2, 5, 10, 2, 5, 10], "params": [{"imputer__strategy": "mean", "tree__criterion": "gini", "tree__max_depth": "5", "tree__min_samples_split": "2"}, {"imputer__strategy": "mean", "tree__criterion": "gini", "tree__max_depth": "5", "tree__min_samples_split": "5"}, {"imputer__strategy": "mean", "tree__criterion": "gini", "tree__max_depth": "5", "tree__min_samples_split": "10"}, {"imputer__strategy": "mean", "tree__criterion": "gini", "tree__max_depth": "10", "tree__min_samples_split": "2"}, {"imputer__strategy": "mean", "tree__criterion": "gini", "tree__max_depth": "10", "tree__min_samples_split": "5"}, {"imputer__strategy": "mean", "tree__criterion": "gini", "tree__max_depth": "10", "tree__min_samples_split": "10"}, {"imputer__strategy": "mean", "tree__criterion": "gini", "tree__max_depth": "20", "tree__min_samples_split": "2"}, {"imputer__strategy": "mean", "tree__criterion": "gini", "tree__max_depth": "20", "tree__min_samples_split": "5"}, {"imputer__strategy": "mean", "tree__criterion": "gini", "tree__max_depth": "20", "tree__min_samples_split": "10"}, {"imputer__strategy": "mean", "tree__criterion": "gini", "tree__max_depth": "None", "tree__min_samples_split": "2"}, {"imputer__strategy": "mean", "tree__criterion": "gini", "tree__max_depth": "None", "tree__min_samples_split": "5"}, {"imputer__strategy": "mean", "tree__criterion": "gini", "tree__max_depth": "None", "tree__min_samples_split": "10"}, {"imputer__strategy": "mean", "tree__criterion": "entropy", "tree__max_depth": "5", "tree__min_samples_split": "2"}, {"imputer__strategy": "mean", "tree__criterion": "entropy", "tree__max_depth": "5", "tree__min_samples_split": "5"}, {"imputer__strategy": "mean", "tree__criterion": "entropy", "tree__max_depth": "5", "tree__min_samples_split": "10"}, {"imputer__strategy": "mean", "tree__criterion": "entropy", "tree__max_depth": "10", "tree__min_samples_split": "2"}, {"imputer__strategy": "mean", "tree__criterion": "entropy", "tree__max_depth": "10", "tree__min_samples_split": "5"}, {"imputer__strategy": "mean", "tree__criterion": "entropy", "tree__max_depth": "10", "tree__min_samples_split": "10"}, {"imputer__strategy": "mean", "tree__criterion": "entropy", "tree__max_depth": "20", "tree__min_samples_split": "2"}, {"imputer__strategy": "mean", "tree__criterion": "entropy", "tree__max_depth": "20", "tree__min_samples_split": "5"}, {"imputer__strategy": "mean", "tree__criterion": "entropy", "tree__max_depth": "20", "tree__min_samples_split": "10"}, {"imputer__strategy": "mean", "tree__criterion": "entropy", "tree__max_depth": "None", "tree__min_samples_split": "2"}, {"imputer__strategy": "mean", "tree__criterion": "entropy", "tree__max_depth": "None", "tree__min_samples_split": "5"}, {"imputer__strategy": "mean", "tree__criterion": "entropy", "tree__max_depth": "None", "tree__min_samples_split": "10"}], "split0_test_score": [0.924923391215526, 0.924923391215526, 0.924923391215526, 0.9279877425944841, 0.9284984678243106, 0.9274770173646578, 0.9264555669050051, 0.9264555669050051, 0.9274770173646578, 0.9264555669050051, 0.9264555669050051, 0.9274770173646578, 0.924923391215526, 0.924923391215526, 0.924923391215526, 0.9279877425944841, 0.9284984678243106, 0.9274770173646578, 0.9264555669050051, 0.9269662921348315, 0.9274770173646578, 0.9264555669050051, 0.9269662921348315, 0.9274770173646578], "split1_test_score": [0.9244126659856997, 0.9239019407558733, 0.9239019407558733, 0.932073544433095, 0.9310520939734422, 0.9310520939734422, 0.9310520939734422, 0.9315628192032687, 0.9310520939734422, 0.9310520939734422, 0.9315628192032687, 0.9310520939734422, 0.9244126659856997, 0.923391215526047, 0.923391215526047, 0.9325842696629213, 0.932073544433095, 0.932073544433095, 0.9300306435137896, 0.9315628192032687, 0.9310520939734422, 0.9300306435137896, 0.9315628192032687, 0.9310520939734422], "split2_test_score": [0.9223697650663942, 0.9223697650663942, 0.9223697650663942, 0.9274770173646578, 0.9279877425944841, 0.9305413687436159, 0.9279877425944841, 0.9305413687436159, 0.9310520939734422, 0.9279877425944841, 0.9305413687436159, 0.9310520939734422, 0.9223697650663942, 0.9223697650663942, 0.9223697650663942, 0.9259448416751788, 0.9305413687436159, 0.9300306435137896, 0.9279877425944841, 0.9310520939734422, 0.9305413687436159, 0.9279877425944841, 0.9310520939734422, 0.9305413687436159], "mean_test_score": [0.9239019407558734, 0.9237316990125978, 0.9237316990125978, 0.9291794347974123, 0.9291794347974123, 0.9296901600272386, 0.9284984678243106, 0.9295199182839632, 0.929860401770514, 0.9284984678243106, 0.9295199182839632, 0.929860401770514, 0.9239019407558734, 0.9235614572693224, 0.9235614572693224, 0.9288389513108614, 0.9303711270003405, 0.9298604017705142, 0.9281579843377595, 0.9298604017705142, 0.9296901600272386, 0.9281579843377595, 0.9298604017705142, 0.9296901600272386],